Quadrant,Accuracy
Q1,0.39756484912652196
Q2,0.3467690339091491
Q3,0.3937856689917565
Q4,0.4454022988505747
